sequence,Fitness Spearman,Fitness R2,Structure TM-score,Structure RMSD,Structure F1,Evolution Accuracy,Evolution Macro-F1,Overall
AUGCUAAGGCUUACGA,0.7421,0.5814,0.6632,3.8427,0.7148,0.6925,0.7011,0.7386
GGCAUUAACCGGAUUCGA,0.5187,0.4029,0.5874,4.9152,0.6215,0.6442,0.6038,0.6489
UACGGAUUCGCUAAGCUA,0.8314,0.6903,0.7428,2.9741,0.7895,0.7541,0.7732,0.8124
CCGAUUAGCUAGGCUAAC,0.4679,0.3556,0.5217,5.2083,0.5734,0.5881,0.5619,0.5937
AAUGCCGAUUGGCAUACG,0.6928,0.5447,0.6185,4.1069,0.6821,0.6714,0.6592,0.7083
GCUAUCGAAGGUUACCGU,0.3845,0.2918,0.4736,5.8841,0.5127,0.5496,0.5344,0.5512
UUGGCAACGUAGCUAUGC,0.9032,0.7715,0.8149,2.3618,0.8457,0.8014,0.8263,0.8761
CGAUAUGGCUUACCGAAU,0.5561,0.4382,0.6024,4.6735,0.6489,0.6297,0.6175,0.6718
AGCUUACGGAUUGCCAUA,0.7785,0.6241,0.6893,3.5176,0.7512,0.7194,0.7368,0.7815
UAACGGCUAUGCUUAGGC,0.6213,0.4876,0.5748,4.3829,0.6335,0.6582,0.6417,0.6894
